{
  "clients": [
    {
      "id": 1,
      "email": "client1@example.com",
      "password": "client1234",
      "full-name": "Juan Perez",
      "address": "Av. Pardo 345, Miraflores, Lima",
      "phone": "987654321",
      "plan": "Nourishify Basic",
      "photo": "https://i.ibb.co/DQQnkzp/3980947.png"
    },
    {
      "id": 2,
      "email": "client2@example.com",
      "password": "client5678",
      "full-name": "Maria Rodriguez",
      "address": "Jr. Lampa 123, Cercado de Lima, Lima",
      "phone": "987123456",
      "plan": "Nourishify SlimDown",
      "photo": "https://i.ibb.co/DQQnkzp/3980947.png"
    },
    {
      "id": 3,
      "email": "client3@example.com",
      "password": "client9012",
      "full-name": "Carlos Fernandez",
      "address": "Av. Angamos 789, Surquillo, Lima",
      "phone": "987789012",
      "plan": "Nourishify MuscleGain",
      "photo": "https://i.ibb.co/DQQnkzp/3980947.png"
    },
    {
      "id": 4,
      "email": "client4@example.com",
      "password": "client3456",
      "full-name": "Lucia Gutierrez",
      "address": "Cl. Los Alamos 456, La Molina, Lima",
      "phone": "987012345",
      "plan": "Nourishify AthletePro",
      "photo": "https://i.ibb.co/DQQnkzp/3980947.png"
    },
    {
      "id": 5,
      "email": "client5@example.com",
      "password": "client6789",
      "full-name": "Roberto Mendoza",
      "address": "Av. Larco 123, Barranco, Lima",
      "phone": "987234567",
      "plan": "Nourishify Basic",
      "photo": "https://i.ibb.co/DQQnkzp/3980947.png"
    },
    {
      "id": 6,
      "email": "client6@example.com",
      "password": "client0123",
      "full-name": "Rosa Huaman",
      "address": "Cl. Los Pinos 987, San Borja, Lima",
      "phone": "987345678",
      "plan": "Nourishify SlimDown",
      "photo": "https://i.ibb.co/DQQnkzp/3980947.png"
    }
  ],
  "nutritionists": [
    {
      "id": 1,
      "email": "nutritionist1@example.com",
      "password": "nutri1234"
    },
    {
      "id": 2,
      "email": "nutritionist2@example.com",
      "password": "nutri5678"
    },
    {
      "id": 3,
      "email": "nutritionist3@example.com",
      "password": "nutri9012"
    }
  ],
  "foodPlan":{
    "1": {
      "monday": {
        "breakfast": "Oatmeal with fruits and honey, Low-fat yogurt, Green tea",
        "lunch": "Grilled chicken breast, Quinoa, Mixed salad with olive oil",
        "dinner": "Spinach omelette, Whole grain bread, Fresh orange juice"
      },
      "tuesday": {
        "breakfast": "Berry smoothie, Whole grain bread with avocado, Black coffee",
        "lunch": "Salmon fillet, Brown rice, Steamed broccoli",
        "dinner": "Vegetable soup, Whole grain toasts, Chamomile tea"
      },
      "wednesday": {
        "breakfast": "Green detox juice, Scrambled eggs, Whole grain bread",
        "lunch": "Fish tacos, Chickpea salad, Lemon water",
        "dinner": "Chicken soup, Fresh salad, Linden tea"
      },
      "thursday": {
        "breakfast": "Granola with yogurt, Chopped fruits, Mint infusion",
        "lunch": "Grilled meat, Spinach and nut salad, Fruit juice",
        "dinner": "Whole grain spaghetti with tomato and basil, Garlic bread, Plain water"
      },
      "friday": {
        "breakfast": "Whole grain waffles with honey, Fruit, Coffee with milk",
        "lunch": "Chicken enchiladas, Rice with vegetables, Fruit water",
        "dinner": "Whole grain vegetable pizza, Green salad, Iced tea"
      },
      "saturday": {
        "breakfast": "Whole grain pancakes with syrup, Fruit smoothie, Black tea",
        "lunch": "Fish ceviche, Toasts, Natural soda",
        "dinner": "Salmon and avocado sushi, Asian salad, Coconut water"
      },
      "sunday": {
        "breakfast": "Chicken chilaquiles, Refried beans, Coffee",
        "lunch": "Mixed barbecue, Baked potatoes, Coleslaw salad",
        "dinner": "Caesar salad, Garlic bread, Red fruit tea"
      }
    }
  }

}
